"ID","Description","GeneRatio","BgRatio","RichFactor","FoldEnrichment","zScore","pvalue","p.adjust","qvalue","geneID","Count"
"GO:0140014","mitotic nuclear division","41/243","282/18805",0.145390070921986,11.2512768876047,19.845531229251,3.34935987460035e-31,9.68299939746962e-28,8.36987404452762e-28,"MYBL2/PKMYT1/KIF18B/PLK1/TPX2/NCAPG/TGFB1/CDCA5/BIRC5/UHRF1/MKI67/AURKB/ESPL1/KIF2C/HASPIN/KIFC1/NCAPH/SPC25/CDC20/KIF14/KIF23/CHEK1/AURKA/DLGAP5/CDCA8/SKA1/CDCA2/SPHK1/CENPE/KIF4A/UBE2C/BUB1/RACGAP1/IL1A/CENPF/KNL1/BUB1B/IL1B/SPC24/TTK/KIF11",41
"GO:0000280","nuclear division","48/243","448/18805",0.107142857142857,8.29144620811288,17.8717756145613,2.79151726355555e-30,4.03513820446955e-27,3.48792735983204e-27,"MYBL2/PKMYT1/KIF18B/PLK1/TPX2/NCAPG/TGFB1/CDCA5/BIRC5/UHRF1/MKI67/AURKB/ESPL1/KIF2C/HASPIN/KIFC1/ASPM/NCAPH/SPC25/CDC20/KIF14/KIF23/CHEK1/AURKA/DLGAP5/RAD51/CCNB2/CDCA8/SKA1/CCNE1/CDCA2/CDC25B/SPHK1/CENPE/KIF4A/UBE2C/RAD54L/BUB1/RACGAP1/IL1A/CENPF/KNL1/EME1/BUB1B/IL1B/SPC24/TTK/KIF11",48
"GO:0007059","chromosome segregation","43/243","431/18805",0.0997679814385151,7.72072794630155,16.1498676858999,7.41881792772574e-26,3.94652475096463e-23,3.41133090308945e-23,"MYBL2/KIF18B/PLK1/TPX2/NCAPG/CDCA5/CDC6/BIRC5/UHRF1/MKI67/AURKB/ESPL1/KIF2C/HASPIN/KIFC1/ASPM/NCAPH/HJURP/SPC25/CDC20/KIF14/KIF23/AURKA/DLGAP5/DIAPH3/CCNB2/CDCA8/SKA1/CCNE1/CDCA2/CENPN/CENPE/KIF4A/TUBB/UBE2C/BUB1/RACGAP1/CENPF/KNL1/BUB1B/SPC24/TTK/KIF11",43
"GO:0098813","nuclear chromosome segregation","37/243","322/18805",0.114906832298137,8.89227564348337,16.3440552931503,1.81646466633798e-24,6.56424918797889e-22,5.67406199721891e-22,"MYBL2/KIF18B/PLK1/TPX2/NCAPG/CDCA5/CDC6/BIRC5/UHRF1/AURKB/ESPL1/KIF2C/HASPIN/KIFC1/ASPM/NCAPH/SPC25/CDC20/KIF14/KIF23/AURKA/DLGAP5/CCNB2/CDCA8/SKA1/CCNE1/CENPE/KIF4A/UBE2C/BUB1/RACGAP1/CENPF/KNL1/BUB1B/SPC24/TTK/KIF11",37
"GO:0007088","regulation of mitotic nuclear division","25/243","121/18805",0.206611570247934,15.9890147263885,18.925471845045,3.07278801053843e-23,9.87047793162956e-21,8.53192834738975e-21,"PKMYT1/PLK1/BIRC5/MKI67/AURKB/ESPL1/HASPIN/SPC25/CDC20/CHEK1/AURKA/DLGAP5/CDCA8/SKA1/CDCA2/SPHK1/UBE2C/BUB1/IL1A/CENPF/KNL1/BUB1B/IL1B/SPC24/TTK",25
"GO:1901987","regulation of cell cycle phase transition","41/243","468/18805",0.0876068376068376,6.77961556047976,14.4868381989888,1.66881332473046e-22,4.82453932179577e-20,4.17027666622118e-20,"CLSPN/PKMYT1/ORC1/PLK1/TGFB1/CDCA5/CDC6/RRM2/CDC45/BIRC5/AURKB/TICRR/ESPL1/HASPIN/SPC25/DTL/CDC20/KIF14/CHEK1/AURKA/DLGAP5/RAD51/CDCA8/SKA1/CCNE1/CDC25B/MN1/CENPE/UBE2C/BUB1/INHBA/CDC25A/CENPF/RBL1/KNL1/EME1/BUB1B/SPC24/E2F1/TTK/CRNN",41
"GO:0051783","regulation of nuclear division","25/243","147/18805",0.170068027210884,13.1610257271633,16.9360530013674,4.91280745530524e-21,1.18357719610729e-18,1.0230706051662e-18,"PKMYT1/PLK1/BIRC5/MKI67/AURKB/ESPL1/HASPIN/SPC25/CDC20/CHEK1/AURKA/DLGAP5/CDCA8/SKA1/CDCA2/SPHK1/UBE2C/BUB1/IL1A/CENPF/KNL1/BUB1B/IL1B/SPC24/TTK",25
"GO:0051983","regulation of chromosome segregation","24/243","137/18805",0.175182481751825,13.5568171577904,16.877450068531,1.49194063187851e-20,3.31784643596983e-18,2.86790855067173e-18,"PLK1/NCAPG/CDC6/BIRC5/MKI67/AURKB/ESPL1/KIF2C/HASPIN/NCAPH/SPC25/CDC20/DLGAP5/CDCA8/SKA1/CDCA2/CENPE/UBE2C/BUB1/CENPF/KNL1/BUB1B/SPC24/TTK",24
"GO:1905818","regulation of chromosome separation","19/243","77/18805",0.246753246753247,19.0954518732296,18.2047604575064,1.67537183899203e-19,3.45964284751853e-17,2.99047574869704e-17,"PLK1/NCAPG/BIRC5/AURKB/ESPL1/HASPIN/NCAPH/SPC25/CDC20/DLGAP5/CDCA8/SKA1/UBE2C/BUB1/CENPF/KNL1/BUB1B/SPC24/TTK",19
"GO:0031424","keratinization","18/243","83/18805",0.216867469879518,16.7826863007586,16.4876866149106,1.898455266582e-17,2.61354008366122e-15,2.25911418690009e-15,"KRT6C/IVL/SPRR2E/KRT1/KLK5/CASP14/KRT6B/KRT16/LCE3C/SPRR2B/SPRR1B/SPRR2D/LCE3D/LCE2B/LCE3E/SPRR2G/IL1A/KRT78",18
"GO:0007051","spindle organization","25/243","206/18805",0.121359223300971,9.39160573734468,13.8563791406541,2.2232028548839e-17,2.90903520846809e-15,2.51453679655673e-15,"MYBL2/PLK1/TPX2/AUNIP/BIRC5/UHRF1/AURKB/ESPL1/KIFC1/ASPM/SPC25/CDC20/KIF23/AURKA/DLGAP5/CCNB2/CDCA8/WDR62/SKA1/CENPE/KIF4A/TUBB/RACGAP1/TTK/KIF11",25
"GO:0000075","cell cycle checkpoint signaling","24/243","186/18805",0.129032258064516,9.98539758396389,14.0906643065292,2.3793678617702e-17,2.90903520846809e-15,2.51453679655673e-15,"CLSPN/ORC1/PLK1/CDC6/CDC45/BIRC5/AURKB/TICRR/HASPIN/SPC25/DTL/CDC20/CHEK1/RAD51/CDCA8/SKA1/BUB1/CENPF/KNL1/EME1/BUB1B/SPC24/E2F1/TTK",24
"GO:0043588","skin development","30/243","324/18805",0.0925925925925926,7.16544734034446,12.8082630469498,2.58461090443976e-17,2.98884404989414e-15,2.58352264721684e-15,"KRT6C/IVL/SPRR2E/HOXC13/KRT1/COL5A3/KLK5/CASP14/KRT6B/KRT16/S100A7/LCE3C/ALOX12B/PKP1/ALOXE3/DSC1/COL1A1/SPRR2B/SPRR1B/SPRR2D/LCE3D/LCE2B/INHBA/LCE3E/SPRR2G/COL5A1/IL1A/ZBED2/TMPRSS11F/KRT78",30
"GO:0008544","epidermis development","31/243","395/18805",0.0784810126582278,6.07339688492994,11.6596728583621,7.88548765057625e-16,6.90816509024725e-14,5.97133897367401e-14,"KRTDAP/KRT6C/IVL/SPRR2E/HOXC13/KRT1/KLK5/CASP14/KRT6B/KRT16/S100A7/KLK7/LCE3C/PITX2/ALOX12B/PKP1/ALOXE3/DSC1/SPRR2B/SPRR1B/SPRR2D/LCE3D/LCE2B/INHBA/LCE3E/CRABP2/SPRR2G/IL1A/ZBED2/TMPRSS11F/KRT78",31
"GO:0044839","cell cycle G2/M phase transition","19/243","160/18805",0.11875,9.18968621399177,11.9031507418607,2.61227174627115e-13,1.37310502153998e-11,1.18689629198999e-11,"CLSPN/PKMYT1/ORC1/PLK1/CDC6/BIRC5/FOXM1/AURKB/TICRR/DTL/KIF14/CCNA2/CHEK1/AURKA/CCNB2/CDC25B/CDC25A/CENPF/MELK",19
"GO:0140694","membraneless organelle assembly","28/243","427/18805",0.0655737704918033,5.07454631316198,9.74450867036671,1.81013875013062e-12,8.86967987564003e-11,7.66684994256929e-11,"MYL2/MYBL2/CENPA/PLK1/TPX2/FSCN1/LMOD2/BIRC5/UHRF1/AURKB/KIFC1/ASPM/CDC20/KIF23/AURKA/DLGAP5/DIAPH3/CCNB2/CDCA8/WDR62/SKA1/TNNT1/CENPE/KIF4A/TUBB/RACGAP1/CENPF/KIF11",28
"GO:0050000","chromosome localization","16/243","123/18805",0.130081300813008,10.0665796781425,11.5425091705281,5.10985167037680e-12,2.42173461951793e-10,2.09331973519837e-10,"CDCA5/BIRC5/AURKB/KIF2C/KIFC1/SPC25/KIF14/DLGAP5/CDCA8/SKA1/CENPE/RACGAP1/CENPF/KNL1/SPC24/TTK",16
"GO:0006260","DNA replication","20/243","280/18805",0.0714285714285714,5.52763080540858,8.73346908738986,7.07380565683444e-10,2.84032946582061e-08,2.45514833762061e-08,"ORC1/EXO1/MCM10/CDC6/CDC45/TK1/TICRR/DSCC1/GINS1/DTL/CCNA2/CHEK1/RAD51/CCNE1/MCM6/ORC6/POLE2/CDC25A/MCM5/EME1",20
"GO:0044771","meiotic cell cycle phase transition","7/243","17/18805",0.411764705882353,31.8651658194142,14.5669514685651,9.61337424596095e-10,3.80715958151686e-08,3.29086524295765e-08,"PKMYT1/CDC20/CCNB2/CDC25B/CDC25A/KNL1/TTK",7
"GO:0051302","regulation of cell division","15/243","190/18805",0.0789473684210526,6.10948667966212,8.09913103410471,2.69001379669695e-08,9.14921163088338e-07,7.90847399796725e-07,"KIF18B/PLK1/TGFB1/CDC6/BIRC5/AURKB/ASPM/KIF14/KIF23/AURKA/CDCA8/CDC25B/RACGAP1/IL1A/IL1B",15
"GO:0000910","cytokinesis","15/243","194/18805",0.077319587628866,5.98351788214331,7.98303264534401,3.55482497363862e-08,1.1812642527344e-06,1.02107132334157e-06,"CENPA/PLK1/CDC6/BIRC5/AURKB/ESPL1/CEP55/KIF14/KIF23/AURKA/CDCA8/IQGAP3/CDC25B/KIF4A/RACGAP1",15
"GO:0030198","extracellular matrix organization","18/243","339/18805",0.0530973451327434,4.10903528897629,6.6092922947747,4.68458044336689e-07,1.39619815069832e-05,1.20685772898025e-05,"MMP12/TGFB1/FSCN1/MMP9/COL5A3/KLK5/COL11A1/KLK7/COLGALT1/MMP11/COL1A1/COL10A1/ADAMTS12/COL4A2/COL27A1/COL5A1/COL4A1/COL2A1",18
"GO:0044843","cell cycle G1/S phase transition","16/243","271/18805",0.0590405904059041,4.5689642081606,6.77108292461261,5.10949127419563e-07,1.47715392736996e-05,1.27683497736215e-05,"CDC6/RRM2/KIF14/CCNA2/CCNF/CCNB2/CCNE1/IQGAP3/MN1/INHBA/CAMK2A/CDC25A/RBL1/E2F1/CDKN3/CRNN",16
"GO:1901993","regulation of meiotic cell cycle phase transition","5/243","14/18805",0.357142857142857,27.6381540270429,11.4079884083126,6.29456506027923e-07,1.76675607662789e-05,1.52716376628543e-05,"PKMYT1/CDC25B/CDC25A/KNL1/TTK",5
"GO:0034508","centromere complex assembly","6/243","30/18805",0.2,15.477366255144,9.0797959749036,2.0042418601678e-06,5.26751201613192e-05,4.55317720195059e-05,"CENPA/HJURP/DLGAP5/CENPN/CENPE/CENPF",6
"GO:0061436","establishment of skin barrier","6/243","35/18805",0.171428571428571,13.2663139329806,8.31058958118903,5.1905401085233e-06,0.000129360788394318,0.000111817987455847,"KRT1/KRT16/ALOX12B/ALOXE3/DSC1/TMPRSS11F",6
"GO:0000727","double-strand break repair via break-induced replication","4/243","12/18805",0.333333333333333,25.7956104252401,9.83067286582345,1.24117956696262e-05,0.000289375010329752,0.000250132452628969,"CDC45/GINS2/MCM6/MCM5",4
"GO:0071459","protein localization to chromosome, centromeric region","6/243","41/18805",0.146341463414634,11.3249021379103,7.57235618828502,1.34763813801305e-05,0.000311681748559659,0.000269414142285726,"CENPA/AURKB/HASPIN/KNL1/BUB1B/TTK",6
"GO:0007292","female gamete generation","11/243","172/18805",0.063953488372093,4.9491578141449,5.95310022768112,1.51643548437352e-05,0.000340648816562547,0.000294452944899592,"PLK1/ASPM/NCAPH/SOHLH1/AURKA/CCNB2/SKA1/CDC25B/INHBA/TNFAIP6/TTK",11
"GO:2000241","regulation of reproductive process","12/243","205/18805",0.0585365853658537,4.52996085516411,5.81441761974339,1.52001720292523e-05,0.000340648816562547,0.000294452944899592,"NR5A1/PKMYT1/ASPM/CDC20/AURKA/CDC25B/HOXD13/INHBA/IL1A/CDC25A/KNL1/TTK",12
"GO:0007492","endoderm development","8/243","87/18805",0.0919540229885057,7.11603046213519,6.54207349193223,1.68075908680767e-05,0.000373774963073921,0.000323086807455985,"TGFB1/MMP9/COL11A1/HOXC11/ARC/COL4A2/INHBA/COL5A1",8
"GO:0051445","regulation of meiotic cell cycle","7/243","68/18805",0.102941176470588,7.96629145485355,6.58448696588015,2.73554803521339e-05,0.0005901842813285,0.000510148549536259,"PKMYT1/ASPM/CDC20/CDC25B/CDC25A/KNL1/TTK",7
"GO:0022411","cellular component disassembly","18/243","456/18805",0.0394736842105263,3.05474333983106,5.08217571151117,2.87305166910585e-05,0.000615258694472964,0.00053182258576665,"MMP12/KIF18B/PLK1/TPX2/TGFB1/FSCN1/LMOD2/MMP9/AURKB/KIF2C/KLK5/AURKA/DIAPH3/KLK7/MMP11/PIF1/IL1B/SLN",18
"GO:0045109","intermediate filament organization","7/243","75/18805",0.0933333333333333,7.22277091906722,6.17819242082118,5.18764474787485e-05,0.00106365113234796,0.000919407885886889,"KRT6C/KRT1/KRT6B/KRT16/NEFL/PKP1/KRT78",7
"GO:0048706","embryonic skeletal system development","9/243","135/18805",0.0666666666666667,5.15912208504801,5.54896860676439,6.59168990315958e-05,0.00133262765804436,0.00115190812146491,"COL11A1/HOXC6/HOXC11/COL1A1/HOXC9/HOXD11/DLX1/DLX2/COL2A1",9
"GO:0009954","proximal/distal pattern formation","5/243","34/18805",0.147058823529412,11.3804163640765,6.93148681091055,7.08406155855656e-05,0.0014222237476241,0.00122935395760331,"HOXC11/EN1/HOXC9/DLX1/DLX2",5
"GO:0032963","collagen metabolic process","8/243","112/18805",0.0714285714285714,5.52763080540858,5.4986539442412,0.00010371328661605,0.00202591291626351,0.00175117597742889,"MMP12/TGFB1/MMP9/KLK6/MMP11/COL1A1/INHBA/COL5A1",8
"GO:0097154","GABAergic neuron differentiation","4/243","20/18805",0.2,15.477366255144,7.41164882384167,0.000111987401054326,0.00214407666521892,0.0018533153719273,"TLX3/DLX1/INHBA/DLX2",4
"GO:0051383","kinetochore organization","4/243","21/18805",0.19047619047619,14.7403488144229,7.20824002075996,0.000136939348588324,0.00258752716842381,0.00223662892018356,"CENPA/DLGAP5/CENPE/CENPF",4
"GO:0018149","peptide cross-linking","4/243","22/18805",0.181818181818182,14.0703329592218,7.01829123803866,0.000165679562503764,0.00311025724154793,0.0026884708228567,"IVL/SPRR2E/KRT1/SPRR1B",4
"GO:0010496","intercellular transport","3/243","10/18805",0.3,23.2160493827161,8.04010167704182,0.000239154418617938,0.00432122140140286,0.00373521440657226,"GJB6/ARC/GJA3",3
"GO:0031055","chromatin remodeling at centromere","3/243","10/18805",0.3,23.2160493827161,8.04010167704182,0.000239154418617938,0.00432122140140286,0.00373521440657226,"CENPA/HJURP/CENPN",3
"GO:0034080","CENP-A containing chromatin assembly","3/243","10/18805",0.3,23.2160493827161,8.04010167704182,0.000239154418617938,0.00432122140140286,0.00373521440657226,"CENPA/HJURP/CENPN",3
"GO:0045103","intermediate filament-based process","7/243","97/18805",0.0721649484536082,5.58461669000042,5.17953880920017,0.000264051739136529,0.00471218257928213,0.00407315678174217,"KRT6C/KRT1/KRT6B/KRT16/NEFL/PKP1/KRT78",7
"GO:0098773","skin epidermis development","8/243","133/18805",0.0601503759398496,4.65484699402828,4.83966694448976,0.000338963651913569,0.00590327661254294,0.00510272485505905,"HOXC13/KRT1/KRT16/ALOX12B/ALOXE3/DSC1/INHBA/TMPRSS11F",8
"GO:0042759","long-chain fatty acid biosynthetic process","4/243","27/18805",0.148148148148148,11.4647157445511,6.22587683087837,0.000377842871943941,0.00654098049574811,0.00565394880551476,"GSTM1/ALOX12B/ALOXE3/ACOT7",4
"GO:0060272","embryonic skeletal joint morphogenesis","3/243","12/18805",0.25,19.34670781893,7.27388758089025,0.000430132846435194,0.00731478858261262,0.00632281967453344,"HOXC11/HOXD11/COL2A1",3
"GO:0007019","microtubule depolymerization","5/243","51/18805",0.0980392156862745,7.58694424271766,5.38936991075741,0.000500292437965009,0.00840898510556304,0.00726863064705589,"KIF18B/TPX2/AURKB/KIF2C/DIAPH3",5
"GO:0035987","endodermal cell differentiation","5/243","52/18805",0.0961538461538462,7.44104146881925,5.32155143498519,0.000547749716903399,0.00899537545923779,0.00777549976887637,"MMP9/COL11A1/COL4A2/INHBA/COL5A1",5
"GO:0033084","regulation of immature T cell proliferation in thymus","3/243","13/18805",0.230769230769231,17.8584995251662,6.95696736661895,0.00055384878303159,0.00899537545923779,0.00777549976887637,"TNFRSF9/IL1A/IL1B",3
"GO:0048146","positive regulation of fibroblast proliferation","5/243","54/18805",0.0925925925925926,7.16544734034446,5.19116854526258,0.000652715657151417,0.0104833386934708,0.0090616781875875,"TGFB1/CDC6/CCNA2/SPHK1/E2F1",5
"GO:0033079","immature T cell proliferation","3/243","14/18805",0.214285714285714,16.5828924162258,6.67349005759992,0.000698191224324657,0.0110298952432928,0.0095341154244851,"TNFRSF9/IL1A/IL1B",3
"GO:0048705","skeletal system morphogenesis","10/243","233/18805",0.0429184549356223,3.3213232307176,4.07943591010879,0.000936218205532811,0.014396844852103,0.0124444681967239,"TGFB1/COL11A1/HOXC11/COL1A1/HOXC9/HOXD11/HOXC8/DLX2/COL27A1/COL2A1",10
"GO:0006275","regulation of DNA replication","7/243","121/18805",0.0578512396694215,4.47692412338877,4.39004369571439,0.000999640029428431,0.0152103122372505,0.0131476201100449,"CDC6/TICRR/DSCC1/CCNA2/MCM6/CDC25A/MCM5",7
"GO:0051261","protein depolymerization","7/243","122/18805",0.0573770491803279,4.44022802401673,4.36173937288521,0.00104904009700784,0.0156155979805756,0.0134979444759185,"KIF18B/TPX2/LMOD2/AURKB/KIF2C/DIAPH3/SLN",7
"GO:0030174","regulation of DNA-templated DNA replication initiation","3/243","16/18805",0.1875,14.5100308641975,6.18557921747026,0.00105381521784256,0.0156155979805756,0.0134979444759185,"TICRR/MCM6/MCM5",3
"GO:0000079","regulation of cyclin-dependent protein serine/threonine kinase activity","5/243","60/18805",0.0833333333333333,6.44890260631001,4.83679657268063,0.00105868460885258,0.0156155979805756,0.0134979444759185,"PKMYT1/PLK1/CDC6/CDC25A/CDKN3",5
"GO:0061351","neural precursor cell proliferation","8/243","160/18805",0.05,3.86934156378601,4.17039240224859,0.00114635546071509,0.0166538373714941,0.0143953867428597,"TGFB1/SHCBP1/ASPM/KIF14/WDR62/IGF2BP1/RACGAP1/MELK",8
"GO:0006213","pyrimidine nucleoside metabolic process","3/243","18/18805",0.166666666666667,12.89780521262,5.77816931017505,0.0015065392357215,0.0214551967018269,0.018545626889307,"TK1/CDA/TYMP",3
"GO:0016264","gap junction assembly","3/243","18/18805",0.166666666666667,12.89780521262,5.77816931017505,0.0015065392357215,0.0214551967018269,0.018545626889307,"GJC1/GJB6/IL1B",3
"GO:0051653","spindle localization","5/243","66/18805",0.0757575757575758,5.8626387330091,4.52779380743895,0.00162724720679697,0.0228367557031555,0.019739830704834,"CENPA/PLK1/ESPL1/ASPM/SKA1",5
"GO:0042770","signal transduction in response to DNA damage","8/243","171/18805",0.0467836257309941,3.62043655091088,3.93853339321641,0.00174974294517475,0.0244372311811604,0.021123263421535,"CLSPN/PLK1/TICRR/DTL/CHEK1/RAD51/EME1/E2F1",8
"GO:1904666","regulation of ubiquitin protein ligase activity","3/243","19/18805",0.157894736842105,12.2189733593242,5.59794506336692,0.00177204566881354,0.0246297309064421,0.0212896579846323,"PLK1/CDC20/UBE2C",3
"GO:0051443","positive regulation of ubiquitin-protein transferase activity","3/243","20/18805",0.15,11.608024691358,5.43074978841895,0.00206499712782987,0.0282933966661429,0.0244564888075237,"PLK1/CDC20/UBE2C",3
"GO:0046513","ceramide biosynthetic process","5/243","71/18805",0.0704225352112676,5.44977685040283,4.29801594786312,0.00225037531326388,0.0306879010879522,0.0265262710709456,"ALOX12B/ALOXE3/SPHK1/B4GALNT1/CYP4F22",5
"GO:0045216","cell-cell junction organization","9/243","222/18805",0.0405405405405405,3.1373039706373,3.66522584464355,0.0024588906734058,0.0333739574498411,0.0288480675001995,"XIRP2/TGFB1/FSCN1/GJC1/GJB6/DSG1/PKP1/DSC1/IL1B",9
"GO:0010212","response to ionizing radiation","7/243","143/18805",0.048951048951049,3.78816656594434,3.82933635757345,0.00260732968920385,0.0352233183714408,0.0304466339506637,"TGFB1/TICRR/CXCL10/RAD51/XRCC2/RAD54L/IL1A",7
"GO:0030574","collagen catabolic process","4/243","45/18805",0.0888888888888889,6.87882944673068,4.51748349621533,0.0026749284645772,0.0359684567027567,0.0310907230105571,"MMP12/MMP9/KLK6/MMP11",4
"GO:0071496","cellular response to external stimulus","5/243","75/18805",0.0666666666666667,5.15912208504801,4.12932709195173,0.00286156447327613,0.0382999207974134,0.0331060139354655,"TGFB1/CHEK1/COL1A1/CDA/IL1B",5
"GO:0032892","positive regulation of organic acid transport","4/243","46/18805",0.0869565217391304,6.72928967614958,4.45133960436808,0.0029003842981079,0.0383912490250844,0.0331849570119792,"SLC7A5/ERFE/IL1A/IL1B",4
"GO:2001239","regulation of extrinsic apoptotic signaling pathway in absence of ligand","4/243","46/18805",0.0869565217391304,6.72928967614958,4.45133960436808,0.0029003842981079,0.0383912490250844,0.0331849570119792,"INHBA/IL1A/IL1B/COL2A1",4
"GO:0060008","Sertoli cell differentiation","3/243","23/18805",0.130434782608696,10.0939345142244,4.99299000062052,0.00311773616620625,0.0407845034230872,0.0352536587691052,"NR5A1/INHBA/IL1A",3
"GO:0030261","chromosome condensation","4/243","47/18805",0.0851063829787234,6.58611330006129,4.38713781309858,0.00313849677460163,0.040871144934114,0.0353285507013004,"PLK1/NCAPG/CDCA5/NCAPH",4
"GO:0060173","limb development","8/243","190/18805",0.0421052631578947,3.2583928958198,3.57981557375256,0.00335779030763078,0.0433364811578598,0.0374595591650164,"HOXC13/PITX2/HOXC11/EN1/B4GALNT1/HOXD13/CRABP2/COL2A1",8
"GO:0002922","positive regulation of humoral immune response","3/243","24/18805",0.125,9.67335390946502,4.86462319464481,0.00352943613468604,0.0449497791426315,0.0388540755100611,"KLK5/KLK7/IL1B",3
"GO:0031145","anaphase-promoting complex-dependent catabolic process","3/243","24/18805",0.125,9.67335390946502,4.86462319464481,0.00352943613468604,0.0449497791426315,0.0388540755100611,"PLK1/CDC20/UBE2C",3
"GO:0032620","interleukin-17 production","4/243","49/18805",0.0816326530612245,6.31729234903838,4.26416833365562,0.0036540377761556,0.0461302323618595,0.0398744457853063,"IL36RN/TGFB1/SLC7A5/SPHK1",4
"GO:0032660","regulation of interleukin-17 production","4/243","49/18805",0.0816326530612245,6.31729234903838,4.26416833365562,0.0036540377761556,0.0461302323618595,0.0398744457853063,"IL36RN/TGFB1/SLC7A5/SPHK1",4
"GO:0002062","chondrocyte differentiation","6/243","116/18805",0.0517241379310345,4.00276713495104,3.71170532869065,0.00398423472475143,0.0498633012521921,0.0431012678813392,"TGFB1/COL11A1/ADAMTS12/ECM1/COL27A1/COL2A1",6
