"SYMBOL","GENENAME","log2FoldChange","padj"
"MMP11","matrix metallopeptidase 11",6.56082427207763,0.0114579214123136
"MMP9","matrix metallopeptidase 9",7.19357604286358,0.00142613793091526
"MMP13","matrix metallopeptidase 13",5.88767944957396,0.308634344072485
"COL1A1","collagen type I alpha 1 chain",6.14967597069534,0.0121684619164131
"COL3A1","collagen type III alpha 1 chain",4.81386982194884,0.113902465493093
"POSTN","periostin",3.04843326857406,0.553097466061443
"LOXL2","lysyl oxidase like 2",3.72362784395039,0.0798890403798626
"MKI67","marker of proliferation Ki-67",3.54934056359386,0.00141711100027243
"TOP2A","DNA topoisomerase II alpha",2.30943107421732,0.15390669467971
"CDK1","cyclin dependent kinase 1",1.60661854723383,0.34438089697991
"CCNB1","cyclin B1",2.39609580573112,0.055748700064989
"PLK1","polo like kinase 1",3.27285081188747,0.000350000161555478
"AURKA","aurora kinase A",2.85615426804192,0.00559492463484319
"UBE2C","ubiquitin conjugating enzyme E2 C",2.81039017355211,0.0233531180956869
"KIF2C","kinesin family member 2C",3.08297141566597,0.00187109471033362
"MYH11","myosin heavy chain 11",-0.61984278428889,0.953676754520899
"ACTA2","actin alpha 2, smooth muscle",0.00956441437947023,0.998934500857207
"DES","desmin",9.61693170144972,0.0789014273945513
"MYL9","myosin light chain 9",0.599186190496413,0.934670174217276
"CNN1","calponin 1",-0.417602118428599,0.965680122971534
"TPM2","tropomyosin 2",2.22208812861384,0.654233835880086
"PLN","phospholamban",1.71911308783416,0.847049712083931
"CCL28","C-C motif chemokine ligand 28",-3.40962686947006,0.161480226669403
"CST4","cystatin S",-5.7656990165281,0.364921665766168
"MPO","myeloperoxidase",-7.22992098086675,0.000345366908485463
"GPD1","glycerol-3-phosphate dehydrogenase 1",-3.11260793748857,0.492812945883453
"PLIN1","perilipin 1",-0.755698185247342,0.939899191256708
