"category","subcategory","ID","Description","GeneRatio","BgRatio","RichFactor","FoldEnrichment","zScore","pvalue","p.adjust","qvalue","geneID","Count"
"Cellular Processes","Cell growth and death","hsa04110","Cell cycle","26/145","158/9451",0.164556962025316,10.7257092972501,15.3882856868945,5.25495322180721e-20,1.07726541047048e-17,1.00120687699695e-17,"9088/4998/5347/7040/113130/990/8318/9212/90381/9700/991/890/1111/9133/898/4175/994/23594/699/993/4174/5933/57082/701/1869/7272",26
NA,NA,"hsa04382","Cornified envelope formation","28/145","217/9451",0.129032258064516,8.41023359288098,13.7843157134498,1.44133368656167e-18,1.47736702872572e-16,1.37305998561928e-16,"286887/3713/6704/3848/23581/3854/3868/338324/6278/121214/1828/353144/242/5317/59344/1823/6701/6699/6703/84648/26239/126410/1284/353145/6706/1282/6700/196374",28
"Cellular Processes","Cell motility","hsa04820","Cytoskeleton in muscle cells","16/145","233/9451",0.0686695278969957,4.47583247003108,6.70558737506976,5.10413851474168e-07,3.48782798507348e-05,3.24157568830963e-05,"4633/4620/129446/442721/50509/1301/81624/91010/1277/165904/1824/7138/1284/85301/1289/1282",16
"Cellular Processes","Cell growth and death","hsa04218","Cellular senescence","12/145","157/9451",0.0764331210191083,4.98185811552822,6.27989893156809,4.88325522851592e-06,0.000250266830461441,0.000232597156937206,"4605/7040/2305/890/1111/9133/898/810/3552/993/5933/1869",12
"Organismal Systems","Digestive system","hsa04974","Protein digestion and absorption","9/145","103/9451",0.087378640776699,5.69527954469367,5.98052204926801,2.70885629590381e-05,0.00111063108132056,0.00103221682012335,"50509/1301/1277/1300/1284/85301/1289/1282/1280",9
"Cellular Processes","Cell motility","hsa04814","Motor proteins","12/145","195/9451",0.0615384615384615,4.01103448275862,5.30322121203223,4.3581333781898e-05,0.00143741665238491,0.001335930239187,"4633/4620/146909/11004/3833/9928/9493/7138/1062/24137/203068/3832",12
"Cellular Processes","Cell growth and death","hsa04114","Oocyte meiosis","10/145","138/9451",0.072463768115942,4.72313843078461,5.49948861244184,4.90825198375335e-05,0.00143741665238491,0.001335930239187,"9088/5347/9700/991/6790/9133/898/810/699/815",10
"Genetic Information Processing","Replication and repair","hsa03440","Homologous recombination","9/145","138/9451",0.0652173913043478,4.25082458770615,4.80182865437221,0.000262732335811467,0.00631645122203653,0.00587048868389531,"9156/1111/5888/4175/7516/8438/80119/4174/146956",9
"Organismal Systems","Endocrine system","hsa04914","Progesterone-mediated oocyte maturation","8/145","110/9451",0.0727272727272727,4.74031347962382,4.92522460276637,0.000277307614625994,0.00631645122203653,0.00587048868389531,"9088/5347/890/6790/9133/994/699/993",8
